{
  "Pew": {
    "how_women_and_men_use_the_internet": {
      "title": "How Women and Men Use the Internet",
      "tables": {
        "12": {
          "caption": "Why online men and women value their email contact with their favorite groups",
          "paragraphs": {
            "0": {
              "content": "When asked about the special interest group they contact most often, nearly equal numbers of men, 63%, and women, 57%, say they use email. Also, significantly more men, 65%, than women, 53%, said they read or post messages on a special group’s listserv or bulletin board. Using email with special interest groups is important to both men and women for getting hard news and information. Significantly more men than women think that discussing issues is an important reason to email with these special interest groups. More women than men say that maintaining or building personal relationships among group members is important to them.",
              "sentences": [
                {
                  "sentence_idx": 0,
                  "offset": 0,
                  "content": "When asked about the special interest group they contact most often, nearly equal numbers of men, 63%, and women, 57%, say they use email."
                },
                {
                  "sentence_idx": 1,
                  "offset": 139,
                  "content": "Also, significantly more men, 65%, than women, 53%, said they read or post messages on a special group’s listserv or bulletin board."
                },
                {
                  "sentence_idx": 2,
                  "offset": 272,
                  "content": "Using email with special interest groups is important to both men and women for getting hard news and information."
                },
                {
                  "sentence_idx": 3,
                  "offset": 387,
                  "content": "Significantly more men than women think that discussing issues is an important reason to email with these special interest groups."
                },
                {
                  "sentence_idx": 4,
                  "offset": 518,
                  "content": "More women than men say that maintaining or building personal relationships among group members is important to them."
                }
              ]
            }
          }
        },
        "23": {
          "caption": "Those not online: Lack of Interest dominates, especially among women.",
          "paragraphs": {
            "0": {
              "content": "In the spring of 2002, we asked non-users about some of the reasons for not going online. Women were significantly more likely than men to cite many possibilities as “major reasons” they didn’t use the internet: they didn’t need it; didn’t want it; were worried about online porn, credit card theft, and fraud; said it is too expensive; and too complicated and hard to understand. Equal numbers of men and women said they didn’t have time.",
              "sentences": [
                {
                  "sentence_idx": 0,
                  "offset": 0,
                  "content": "In the spring of 2002, we asked non-users about some of the reasons for not going online."
                },
                {
                  "sentence_idx": 1,
                  "offset": 90,
                  "content": "Women were significantly more likely than men to cite many possibilities as “major reasons” they didn’t use the internet: they didn’t need it; didn’t want it; were worried about online porn, credit card theft, and fraud; said it is too expensive; and too complicated and hard to understand."
                },
                {
                  "sentence_idx": 2,
                  "offset": 381,
                  "content": "Equal numbers of men and women said they didn’t have time."
                }
              ]
            }
          }
        },
        "26": {
          "caption": "Valuing the internet: Men and women value the internet for a few different reasons.",
          "paragraphs": {
            "0": {
              "content": "In July 2004, men and women agreed that the internet improved how they did their everyday tasks, like shopping or paying bills, and how they got news they otherwise couldn’t find. In significant numbers, more men than women said the internet improved the way they pursue their hobbies or interests, or their ability to do their job, while more women said that the internet greatly improved their ability to keep in touch with friends and family. In June 2004, about a third of both men and women agree that when it comes to relying on search engines as a way of finding information, they couldn’t live without them.",
              "sentences": [
                {
                  "sentence_idx": 0,
                  "offset": 0,
                  "content": "In July 2004, men and women agreed that the internet improved how they did their everyday tasks, like shopping or paying bills, and how they got news they otherwise couldn’t find."
                },
                {
                  "sentence_idx": 1,
                  "offset": 180,
                  "content": "In significant numbers, more men than women said the internet improved the way they pursue their hobbies or interests, or their ability to do their job, while more women said that the internet greatly improved their ability to keep in touch with friends and family."
                },
                {
                  "sentence_idx": 2,
                  "offset": 446,
                  "content": "In June 2004, about a third of both men and women agree that when it comes to relying on search engines as a way of finding information, they couldn’t live without them."
                }
              ]
            }
          }
        },
        "18": {
          "caption": "Tech terminology and issues: More men than women are familiar with tech terms and issues.",
          "paragraphs": {
            "0": {
              "content": "In June 2005, we asked internet users if they had a good idea of what various new technology terms means. Men reported being significantly more knowledgeable than women for every one of the following terms: spam, spyware firewall, internet cookies, adware, internet phishing, podcasting, and RSS feed.",
              "sentences": [
                {
                  "sentence_idx": 0,
                  "offset": 0,
                  "content": "In June 2005, we asked internet users if they had a good idea of what various new technology terms means."
                },
                {
                  "sentence_idx": 1,
                  "offset": 106,
                  "content": "Men reported being significantly more knowledgeable than women for every one of the following terms: spam, spyware firewall, internet cookies, adware, internet phishing, podcasting, and RSS feed."
                }
              ]
            }
          }
        },
        "20": {
          "caption": "Internet access: More men are knowledgeable about their internet access, and more of them either have or would like to have high speed internet access.",
          "paragraphs": {
            "1": {
              "content": "Further, women were not as interested as men in making an upgrade from slow to fast connections: Of those with dial-up connections, significantly more men than women said they were interested in getting high speed connections. Women also knew less about the availability of high speed access in their homes: Significantly more women than men said they didn’t know if high-speed service was available or if there were multiple providers in their area. Similarly, in November 2004, we asked if people had computer networks linking their computers together at home. Again, significantly more women, 13%, than men 4%, said they did not know. And again, more men, 54%, than women, 45%, said they did have home networks.",
              "sentences": [
                {
                  "sentence_idx": 0,
                  "offset": 0,
                  "content": "Further, women were not as interested as men in making an upgrade from slow to fast connections: Of those with dial-up connections, significantly more men than women said they were interested in getting high speed connections."
                },
                {
                  "sentence_idx": 1,
                  "offset": 227,
                  "content": "Women also knew less about the availability of high speed access in their homes: Significantly more women than men said they didn’t know if high-speed service was available or if there were multiple providers in their area."
                },
                {
                  "sentence_idx": 2,
                  "offset": 451,
                  "content": "Similarly, in November 2004, we asked if people had computer networks linking their computers together at home."
                },
                {
                  "sentence_idx": 3,
                  "offset": 563,
                  "content": "Again, significantly more women, 13%, than men 4%, said they did not know."
                },
                {
                  "sentence_idx": 4,
                  "offset": 638,
                  "content": "And again, more men, 54%, than women, 45%, said they did have home networks."
                }
              ]
            },
            "0": {
              "content": "In February-March 2004, we asked users who go online at work if they knew what kind of internet connections they had at work. Significantly more women, 22%, than men, 10%, said they didn’t know if they had high speed connections or dial-up connections. In the same survey, more men than women said they had high speed connections. Nearly all internet users were aware of the kind of internet connections they had at home. Significantly more men than women had some kind of high speed connections at home.",
              "sentences": [
                {
                  "sentence_idx": 0,
                  "offset": 0,
                  "content": "In February-March 2004, we asked users who go online at work if they knew what kind of internet connections they had at work."
                },
                {
                  "sentence_idx": 1,
                  "offset": 126,
                  "content": "Significantly more women, 22%, than men, 10%, said they didn’t know if they had high speed connections or dial-up connections."
                },
                {
                  "sentence_idx": 2,
                  "offset": 253,
                  "content": "In the same survey, more men than women said they had high speed connections."
                },
                {
                  "sentence_idx": 3,
                  "offset": 331,
                  "content": "Nearly all internet users were aware of the kind of internet connections they had at home."
                },
                {
                  "sentence_idx": 4,
                  "offset": 422,
                  "content": "Significantly more men than women had some kind of high speed connections at home."
                }
              ]
            }
          }
        },
        "25": {
          "caption": "When men and women find it very hard to give up technology",
          "paragraphs": {
            "0": {
              "content": "At various times, the Pew Internet Project has asked users how they feel about the internet -- how and where it helps them in their lives, or what they’d miss about it if it disappeared. We also asked online adults who were also users of different technologies how difficult it would be for them to give them up. Men said slightly more than women that it would be very hard for them to give up computer, the internet, and PDAs. Significantly more women than men said it would be very hard to give up email.",
              "sentences": [
                {
                  "sentence_idx": 0,
                  "offset": 0,
                  "content": "At various times, the Pew Internet Project has asked users how they feel about the internet -- how and where it helps them in their lives, or what they’d miss about it if it disappeared."
                },
                {
                  "sentence_idx": 1,
                  "offset": 187,
                  "content": "We also asked online adults who were also users of different technologies how difficult it would be for them to give them up."
                },
                {
                  "sentence_idx": 2,
                  "offset": 313,
                  "content": "Men said slightly more than women that it would be very hard for them to give up computer, the internet, and PDAs."
                },
                {
                  "sentence_idx": 3,
                  "offset": 428,
                  "content": "Significantly more women than men said it would be very hard to give up email."
                }
              ]
            }
          }
        },
        "7": {
          "caption": "Communications",
          "paragraphs": {
            "0": {
              "content": "Over the last 5 years, we have polled users about different forms of online communications, both through our regular tracking polls and through one-time modules on communications within topics as varied as health care, civic and community life, and email in the workplace. Women have always been slightly more likely than men to use email and to send cards, greetings and invitations and are pulling ahead of men in instant messaging and text messaging on cell phones. Men are more likely to have communicated online in chats or discussion groups and by making voice calls by voice over internet protocol, or VOIP.",
              "sentences": [
                {
                  "sentence_idx": 0,
                  "offset": 0,
                  "content": "Over the last 5 years, we have polled users about different forms of online communications, both through our regular tracking polls and through one-time modules on communications within topics as varied as health care, civic and community life, and email in the workplace."
                },
                {
                  "sentence_idx": 1,
                  "offset": 273,
                  "content": "Women have always been slightly more likely than men to use email and to send cards, greetings and invitations and are pulling ahead of men in instant messaging and text messaging on cell phones."
                },
                {
                  "sentence_idx": 2,
                  "offset": 469,
                  "content": "Men are more likely to have communicated online in chats or discussion groups and by making voice calls by voice over internet protocol, or VOIP."
                }
              ]
            }
          }
        },
        "16": {
          "caption": "In emergencies, more men use the internet to focus on information and more women to focus on people.",
          "paragraphs": {
            "0": {
              "content": "The Pew Internet Project looked in depth at a few extraordinary instances where users might go to the internet for information. In the fall of 2001, we asked users about the kinds of websites they had visited after the events of September 11. Significantly more men had visited a larger variety of different kinds of websites that would be sources of information, including news media sites, business sites, government or military sites, international sites, political sites, discussion groups, and portals. Men and women were equally as likely to visit personal websites, sites for charities, religious groups, and interest or advocacy groups.",
              "sentences": [
                {
                  "sentence_idx": 0,
                  "offset": 0,
                  "content": "The Pew Internet Project looked in depth at a few extraordinary instances where users might go to the internet for information."
                },
                {
                  "sentence_idx": 1,
                  "offset": 128,
                  "content": "In the fall of 2001, we asked users about the kinds of websites they had visited after the events of September 11."
                },
                {
                  "sentence_idx": 2,
                  "offset": 243,
                  "content": "Significantly more men had visited a larger variety of different kinds of websites that would be sources of information, including news media sites, business sites, government or military sites, international sites, political sites, discussion groups, and portals."
                },
                {
                  "sentence_idx": 3,
                  "offset": 508,
                  "content": "Men and women were equally as likely to visit personal websites, sites for charities, religious groups, and interest or advocacy groups."
                }
              ]
            }
          }
        },
        "21": {
          "caption": "Pushing the edge: More men than women try the new technologies.",
          "paragraphs": {
            "0": {
              "content": "In February 2004, more men than women had made a telephone call over the internet. In November 2004, more men than women and had logged onto the internet using a wireless device. In the same month, equal numbers of men and women had cell phones, 65%. In March 2005, men were more likely than women to view live images from a webcam and to have iPods or MP3 players -- although, as owners, equal numbers, 29%, have downloaded podcasts on them. In September 2005, men were more likely than women to create a blog. In April - May 2003, more men than women maintained their own websites. In February 2005, more men than women had taken material like songs, images or text to remix into own artistic creation.",
              "sentences": [
                {
                  "sentence_idx": 0,
                  "offset": 0,
                  "content": "In February 2004, more men than women had made a telephone call over the internet."
                },
                {
                  "sentence_idx": 1,
                  "offset": 83,
                  "content": "In November 2004, more men than women and had logged onto the internet using a wireless device."
                },
                {
                  "sentence_idx": 2,
                  "offset": 179,
                  "content": "In the same month, equal numbers of men and women had cell phones, 65%."
                },
                {
                  "sentence_idx": 3,
                  "offset": 251,
                  "content": "In March 2005, men were more likely than women to view live images from a webcam and to have iPods or MP3 players -- although, as owners, equal numbers, 29%, have downloaded podcasts on them."
                },
                {
                  "sentence_idx": 4,
                  "offset": 443,
                  "content": "In September 2005, men were more likely than women to create a blog."
                },
                {
                  "sentence_idx": 5,
                  "offset": 512,
                  "content": "In April - May 2003, more men than women maintained their own websites."
                },
                {
                  "sentence_idx": 6,
                  "offset": 584,
                  "content": "In February 2005, more men than women had taken material like songs, images or text to remix into own artistic creation."
                }
              ]
            },
            "1": {
              "content": "In January 2005, 58% of men and 47% of women said they know how to upload images or other files to a website so others could see them. Also, more men than women reported doing the following creative endeavors for the web: writing, 19% v 14%; artwork, 7% v 4%; audio files 8% v 3%; video files, 5% v 2%, and photography, 22% v, 19%. Only the last is not statistically significant. In June 2005, men were significantly more likely than women to download many kinds of files: video files, 22% v. 13%; music files, 30% v 20%; computer programs, 48% v 31%; download or share adult content, 6% v 3%. They are equally likely to download screensavers, 23% v 24%; computer games, 22% v. 19% and to share files, 25% v. 28%.",
              "sentences": [
                {
                  "sentence_idx": 0,
                  "offset": 0,
                  "content": "In January 2005, 58% of men and 47% of women said they know how to upload images or other files to a website so others could see them."
                },
                {
                  "sentence_idx": 1,
                  "offset": 135,
                  "content": "Also, more men than women reported doing the following creative endeavors for the web: writing, 19% v 14%; artwork, 7% v 4%; audio files 8% v 3%; video files, 5% v 2%, and photography, 22% v, 19%."
                },
                {
                  "sentence_idx": 2,
                  "offset": 332,
                  "content": "Only the last is not statistically significant."
                },
                {
                  "sentence_idx": 3,
                  "offset": 380,
                  "content": "In June 2005, men were significantly more likely than women to download many kinds of files: video files, 22% v. 13%; music files, 30% v 20%; computer programs, 48% v 31%; download or share adult content, 6% v 3%."
                },
                {
                  "sentence_idx": 4,
                  "offset": 594,
                  "content": "They are equally likely to download screensavers, 23% v 24%; computer games, 22% v. 19% and to share files, 25% v. 28%."
                }
              ]
            }
          }
        },
        "19": {
          "caption": "Software: More men take the lead on computer maintenance.",
          "paragraphs": {
            "2": {
              "content": "In June 2003, we asked about spam filtering. More men than women who have email accounts at work said they applied their own filters to block or manage spam on them., while equal numbers of men and women said they used filters on their personal accounts. In October 2002, significantly more women, 14%, than men, 8%,said they didn’t know if the homepage that first appeared when they fire up the computer is one provided by their ISP or computer maker. More men than women said they had changed that page for their home computers at some point.",
              "sentences": [
                {
                  "sentence_idx": 0,
                  "offset": 0,
                  "content": "In June 2003, we asked about spam filtering."
                },
                {
                  "sentence_idx": 1,
                  "offset": 45,
                  "content": "More men than women who have email accounts at work said they applied their own filters to block or manage spam on them., while equal numbers of men and women said they used filters on their personal accounts."
                },
                {
                  "sentence_idx": 2,
                  "offset": 255,
                  "content": "In October 2002, significantly more women, 14%, than men, 8%,said they didn’t know if the homepage that first appeared when they fire up the computer is one provided by their ISP or computer maker."
                },
                {
                  "sentence_idx": 3,
                  "offset": 453,
                  "content": "More men than women said they had changed that page for their home computers at some point."
                }
              ]
            },
            "1": {
              "content": "Men have dealt with computer problems more thoroughly than women. In June 2005, of the two-thirds of users who said they had experienced some kind of problem with their computers in the past year, significantly more men, 44%, than women, 34%, said they knew the source of the problem and tried to fix it themselves. More women than men asked a friend or family member or colleague for help. Men reported they were more successful at solving the problem, regardless of the manner they fixed it; 53% of men and 43% of women said the problem was solved “quickly and easily.”",
              "sentences": [
                {
                  "sentence_idx": 0,
                  "offset": 0,
                  "content": "Men have dealt with computer problems more thoroughly than women."
                },
                {
                  "sentence_idx": 1,
                  "offset": 66,
                  "content": "In June 2005, of the two-thirds of users who said they had experienced some kind of problem with their computers in the past year, significantly more men, 44%, than women, 34%, said they knew the source of the problem and tried to fix it themselves."
                },
                {
                  "sentence_idx": 2,
                  "offset": 316,
                  "content": "More women than men asked a friend or family member or colleague for help."
                },
                {
                  "sentence_idx": 3,
                  "offset": 391,
                  "content": "Men reported they were more successful at solving the problem, regardless of the manner they fixed it; 53% of men and 43% of women said the problem was solved “quickly and easily.”"
                }
              ]
            },
            "0": {
              "content": "In June 2005, significantly more men than women said they are the main person responsible for maintaining the home computer. Further, more men than women have installed software on their home computers. Of those who said they had virus protection on their home computers, significantly more men than women said they were responsible for setting up the protection.",
              "sentences": [
                {
                  "sentence_idx": 0,
                  "offset": 0,
                  "content": "In June 2005, significantly more men than women said they are the main person responsible for maintaining the home computer."
                },
                {
                  "sentence_idx": 1,
                  "offset": 125,
                  "content": "Further, more men than women have installed software on their home computers."
                },
                {
                  "sentence_idx": 2,
                  "offset": 203,
                  "content": "Of those who said they had virus protection on their home computers, significantly more men than women said they were responsible for setting up the protection."
                }
              ]
            }
          }
        }
      }
    },
    "trust_and_privacy_online": {
      "title": "Trust and privacy online: Why Americans want to rewrite the rules",
      "tables": {
        "6": {
          "caption": "Section Two: Guerrilla Tactics",
          "paragraphs": {
            "0": {
              "content": "There is a small group of Internet users resorting to “guerilla tactics” to defend their privacy online. About a quarter of Internet users have provided a fake name or personal information in order to avoid giving a Web site real information about themselves. A fifth of online Americans have used a secondary email address to avoid giving a Web site real information. Just one in ten Internet users have sent an encrypted email and only one in twenty have used software that hides their computer identity from Web sites.",
              "sentences": [
                {
                  "sentence_idx": 0,
                  "offset": 0,
                  "content": "There is a small group of Internet users resorting to “guerilla tactics” to defend their privacy online."
                },
                {
                  "sentence_idx": 1,
                  "offset": 105,
                  "content": "About a quarter of Internet users have provided a fake name or personal information in order to avoid giving a Web site real information about themselves."
                },
                {
                  "sentence_idx": 2,
                  "offset": 260,
                  "content": "A fifth of online Americans have used a secondary email address to avoid giving a Web site real information."
                },
                {
                  "sentence_idx": 3,
                  "offset": 369,
                  "content": "Just one in ten Internet users have sent an encrypted email and only one in twenty have used software that hides their computer identity from Web sites."
                }
              ]
            }
          }
        },
        "10": {
          "caption": "The parents’ story",
          "paragraphs": {
            "0": {
              "content": "Parents with Internet access whose children also go online are much more nervous about computer viruses, perhaps out of concern that their children will unwittingly infect the family machine. Sixty-two percent of these “wired family” parents worry about downloading a virus to their computer, compared to 50% of non-parents and 54% of all Internet users.",
              "sentences": [
                {
                  "sentence_idx": 0,
                  "offset": 0,
                  "content": "Parents with Internet access whose children also go online are much more nervous about computer viruses, perhaps out of concern that their children will unwittingly infect the family machine."
                },
                {
                  "sentence_idx": 1,
                  "offset": 192,
                  "content": "Sixty-two percent of these “wired family” parents worry about downloading a virus to their computer, compared to 50% of non-parents and 54% of all Internet users."
                }
              ]
            }
          }
        }
      }
    },
    "data_memo_rainie": {
      "title": "RE: Preliminary findings from a Web survey of musicians and songwriters",
      "tables": {
        "14": {
          "caption": "Completion Rate",
          "paragraphs": {
            "0": {
              "content": "In Table 1, total hits (5,702) indicate the number of times the survey link was accessed, or roughly the number of potential respondents who reached the survey’s title page, though no control was in place to prevent someone from accessing the link more than one time. The link took people to the survey title page, which gave the following brief description of the survey and its sponsors, along with instructions for how to complete the survey",
              "sentences": [
                {
                  "sentence_idx": 0,
                  "offset": 0,
                  "content": "In Table 1, total hits (5,702) indicate the number of times the survey link was accessed, or roughly the number of potential respondents who reached the survey’s title page, though no control was in place to prevent someone from accessing the link more than one time."
                },
                {
                  "sentence_idx": 1,
                  "offset": 268,
                  "content": "The link took people to the survey title page, which gave the following brief description of the survey and its sponsors, along with instructions for how to complete the survey"
                }
              ]
            }
          }
        }
      }
    },
    "vital_decisions": {
      "title": "Vital decisions: How Internet users decide what information to trust when they or their loved ones are sick",
      "tables": {
        "4": {
          "caption": "Part Three: Search strategies",
          "paragraphs": {
            "0": {
              "content": "To get a picture of Internet users’ actual behavior, we asked health seekers to relate details about their most recent information search. Most health seekers (86%) just plunged right in to see what they could find rather than asking anyone for advice about which Web sites to use. Of the 14% of health seekers who asked someone for advice, most followed that counsel at least a little bit. However, 41% of health seekers who got advice said they ended up finding the information they wanted on their own.",
              "sentences": [
                {
                  "sentence_idx": 0,
                  "offset": 0,
                  "content": "To get a picture of Internet users’ actual behavior, we asked health seekers to relate details about their most recent information search."
                },
                {
                  "sentence_idx": 1,
                  "offset": 139,
                  "content": "Most health seekers (86%) just plunged right in to see what they could find rather than asking anyone for advice about which Web sites to use."
                },
                {
                  "sentence_idx": 2,
                  "offset": 282,
                  "content": "Of the 14% of health seekers who asked someone for advice, most followed that counsel at least a little bit."
                },
                {
                  "sentence_idx": 3,
                  "offset": 391,
                  "content": "However, 41% of health seekers who got advice said they ended up finding the information they wanted on their own."
                }
              ]
            }
          }
        },
        "6": {
          "caption": "A small number consult one favorite site",
          "paragraphs": {
            "0": {
              "content": "When asked if they have one favorite site, 14% of health seekers said yes. Of that small group, 35% named WebMD. Other sites named by these “favorite-site” health seekers include the Mayo Clinic site, the National Institutes of Health, InteliHealth, Medline, and DrKoop.com. One online focus group participant who is a fan of WebMD commented, “I know it so well it is just easier to go to it every time I have a question.”",
              "sentences": [
                {
                  "sentence_idx": 0,
                  "offset": 0,
                  "content": "When asked if they have one favorite site, 14% of health seekers said yes."
                },
                {
                  "sentence_idx": 1,
                  "offset": 75,
                  "content": "Of that small group, 35% named WebMD."
                },
                {
                  "sentence_idx": 2,
                  "offset": 113,
                  "content": "Other sites named by these “favorite-site” health seekers include the Mayo Clinic site, the National Institutes of Health, InteliHealth, Medline, and DrKoop.com."
                },
                {
                  "sentence_idx": 3,
                  "offset": 275,
                  "content": "One online focus group participant who is a fan of WebMD commented, “I know it so well it is just easier to go to it every time I have a question.”"
                }
              ]
            }
          }
        },
        "12": {
          "caption": "Health information’s impact",
          "paragraphs": {
            "0": {
              "content": "Of the successful searchers, 44% said the information they found online affected a decision about how to treat an illness or cope with a medical condition. Again, there was no significant difference between those who searched on behalf of someone else and those who searched on behalf of themselves. The only topics that prompted dramatically different answers from these two groups were diet, exercise, and stress. Forty-one percent of health seekers looking for information for themselves say they changed the way they think about diet, exercise, and stress based on what they found online. Just 20% of health seekers looking on behalf of someone else felt the same way.",
              "sentences": [
                {
                  "sentence_idx": 0,
                  "offset": 0,
                  "content": "Of the successful searchers, 44% said the information they found online affected a decision about how to treat an illness or cope with a medical condition."
                },
                {
                  "sentence_idx": 1,
                  "offset": 156,
                  "content": "Again, there was no significant difference between those who searched on behalf of someone else and those who searched on behalf of themselves."
                },
                {
                  "sentence_idx": 2,
                  "offset": 300,
                  "content": "The only topics that prompted dramatically different answers from these two groups were diet, exercise, and stress."
                },
                {
                  "sentence_idx": 3,
                  "offset": 416,
                  "content": "Forty-one percent of health seekers looking for information for themselves say they changed the way they think about diet, exercise, and stress based on what they found online."
                },
                {
                  "sentence_idx": 4,
                  "offset": 593,
                  "content": "Just 20% of health seekers looking on behalf of someone else felt the same way."
                }
              ]
            }
          }
        },
        "9": {
          "caption": "Health seekers’ information assessment screens",
          "paragraphs": {
            "1": {
              "content": "Health seekers also pay attention to what many experts believe is one of the most important factors in judging the quality of online health information – they look for the source.9 Forty-two percent of health seekers have turned away from online information because they couldn’t determine the source or author of the information. Not every e- patient looks for the source every time she goes online, however. When asked if they check the source, 58% of health seekers who go to multiple health Web sites say they do so “most of the time” or “always.” Fifty-five percent of health seekers who consult one favorite site say they have checked the source of the information on that site. When thinking about what would make him trust a site, one focus group participant said he looks for the name of “a reputable doctor that I have seen on television or who has printed articles in notable journals.”",
              "sentences": [
                {
                  "sentence_idx": 0,
                  "offset": 0,
                  "content": "Health seekers also pay attention to what many experts believe is one of the most important factors in judging the quality of online health information – they look for the source.9 Forty-two percent of health seekers have turned away from online information because they couldn’t determine the source or author of the information."
                },
                {
                  "sentence_idx": 1,
                  "offset": 331,
                  "content": "Not every e- patient looks for the source every time she goes online, however."
                },
                {
                  "sentence_idx": 2,
                  "offset": 410,
                  "content": "When asked if they check the source, 58% of health seekers who go to multiple health Web sites say they do so “most of the time” or “always.”"
                },
                {
                  "sentence_idx": 3,
                  "offset": 552,
                  "content": "Fifty-five percent of health seekers who consult one favorite site say they have checked the source of the information on that site."
                },
                {
                  "sentence_idx": 4,
                  "offset": 685,
                  "content": "When thinking about what would make him trust a site, one focus group participant said he looks for the name of “a reputable doctor that I have seen on television or who has printed articles in notable journals.”"
                }
              ]
            },
            "0": {
              "content": "When users are asked about the reasons they have rejected information from a health Web site, many report that they have taken the expert advice to heart. They turn away from sites that do not identify the source or date of the information. But they add a few tests of their own. E-patients say that overt commercialism is the No. 1 reason they have turned away from a site. Forty-seven percent of health seekers have decided not to use information they found because the Web site was too commercial and seemed more concerned with selling products than providing accurate information.",
              "sentences": [
                {
                  "sentence_idx": 0,
                  "offset": 0,
                  "content": "When users are asked about the reasons they have rejected information from a health Web site, many report that they have taken the expert advice to heart."
                },
                {
                  "sentence_idx": 1,
                  "offset": 155,
                  "content": "They turn away from sites that do not identify the source or date of the information."
                },
                {
                  "sentence_idx": 2,
                  "offset": 241,
                  "content": "But they add a few tests of their own."
                },
                {
                  "sentence_idx": 3,
                  "offset": 280,
                  "content": "E-patients say that overt commercialism is the No. 1 reason they have turned away from a site."
                },
                {
                  "sentence_idx": 4,
                  "offset": 375,
                  "content": "Forty-seven percent of health seekers have decided not to use information they found because the Web site was too commercial and seemed more concerned with selling products than providing accurate information."
                }
              ]
            }
          }
        },
        "8": {
          "caption": "Many are looking on behalf of someone else",
          "paragraphs": {
            "0": {
              "content": "Worrying about someone else’s health issue is the No. 1 motivation for health seekers to go online for medical advice, whether for a friend, spouse, child, or parent. Eighty-one percent of health seekers have gone online because someone they know was diagnosed with a medical condition. In addition, 38% of health seekers have gone online because they are caring for someone else. Indeed, when asked about their last online health search, half of health seekers say they were looking on behalf of someone else. Fifty-eight percent of health seekers have gone online because they themselves were diagnosed with a new health problem. Other important motivating factors include being prescribed a new medication or treatment; dealing with an ongoing condition; having unanswered questions after a doctor’s visit; and deciding to change diet or exercise habits.",
              "sentences": [
                {
                  "sentence_idx": 0,
                  "offset": 0,
                  "content": "Worrying about someone else’s health issue is the No. 1 motivation for health seekers to go online for medical advice, whether for a friend, spouse, child, or parent."
                },
                {
                  "sentence_idx": 1,
                  "offset": 167,
                  "content": "Eighty-one percent of health seekers have gone online because someone they know was diagnosed with a medical condition."
                },
                {
                  "sentence_idx": 2,
                  "offset": 287,
                  "content": "In addition, 38% of health seekers have gone online because they are caring for someone else."
                },
                {
                  "sentence_idx": 3,
                  "offset": 381,
                  "content": "Indeed, when asked about their last online health search, half of health seekers say they were looking on behalf of someone else."
                },
                {
                  "sentence_idx": 4,
                  "offset": 511,
                  "content": "Fifty-eight percent of health seekers have gone online because they themselves were diagnosed with a new health problem."
                },
                {
                  "sentence_idx": 5,
                  "offset": 632,
                  "content": "Other important motivating factors include being prescribed a new medication or treatment; dealing with an ongoing condition; having unanswered questions after a doctor’s visit; and deciding to change diet or exercise habits."
                }
              ]
            }
          }
        }
      }
    },
    "family_caregivers_are_wired_for_health": {
      "title": "Family Caregivers are Wired for Health",
      "tables": {
        "0": {
          "caption": "Health topics: The % of online caregivers vs. other internet users who have looked online for information about each of the following topics",
          "paragraphs": {
            "0": {
              "content": "Fully 86% of caregivers have internet access, compared with 78% of non-caregivers. And 84% of caregivers with internet access say they went online within the past year to research health topics such as medical procedures, health insurance, and drug safety. By comparison, 64% of non-caregivers with internet access say they did online health research in the past 12 months.",
              "sentences": [
                {
                  "sentence_idx": 0,
                  "offset": 0,
                  "content": "Fully 86% of caregivers have internet access, compared with 78% of non-caregivers."
                },
                {
                  "sentence_idx": 1,
                  "offset": 83,
                  "content": "And 84% of caregivers with internet access say they went online within the past year to research health topics such as medical procedures, health insurance, and drug safety."
                },
                {
                  "sentence_idx": 2,
                  "offset": 257,
                  "content": "By comparison, 64% of non-caregivers with internet access say they did online health research in the past 12 months."
                }
              ]
            },
            "1": {
              "content": "We tested four topics and found that these patterns held for each one, that is, being a caregiver has an independent effect on someone’s likelihood to look online for information about: A specific disease or medical problem, A certain medical treatment or procedure, Drug safety or recalls, A drug they saw advertised",
              "sentences": [
                {
                  "sentence_idx": 0,
                  "offset": 0,
                  "content": "We tested four topics and found that these patterns held for each one, that is, being a caregiver has an independent effect on someone’s likelihood to look online for information about: A specific disease or medical problem, A certain medical treatment or procedure, Drug safety or recalls, A drug they saw advertised"
                }
              ]
            }
          }
        },
        "2": {
          "caption": "The social life of health information: The % of online caregivers vs. other internet users who have interacted with their health online in the following ways",
          "paragraphs": {
            "0": {
              "content": "When controlling for age, income, education, ethnicity, and good overall health, being a caregiver increases the probability that someone will read others’ commentary or experience about health or medical issues online. Being college-educated also increases someone’s likelihood of taking in user- generated health content, such as on a blog or in a video.",
              "sentences": [
                {
                  "sentence_idx": 0,
                  "offset": 0,
                  "content": "When controlling for age, income, education, ethnicity, and good overall health, being a caregiver increases the probability that someone will read others’ commentary or experience about health or medical issues online."
                },
                {
                  "sentence_idx": 1,
                  "offset": 220,
                  "content": "Being college-educated also increases someone’s likelihood of taking in user- generated health content, such as on a blog or in a video."
                }
              ]
            },
            "1": {
              "content": "Of the 11% of caregivers who posted a health-related question or comment online: 45% say they posted comments or stories about personal health experiences, 16% say they posted specific health questions, 38% say they posted both",
              "sentences": [
                {
                  "sentence_idx": 0,
                  "offset": 0,
                  "content": "Of the 11% of caregivers who posted a health-related question or comment online: 45% say they posted comments or stories about personal health experiences, 16% say they posted specific health questions, 38% say they posted both"
                }
              ]
            }
          }
        },
        "3": {
          "caption": "Tracking health indicators: The % of caregivers vs. non-caregivers who track health indicators for themselves or others",
          "paragraphs": {
            "1": {
              "content": "Thirty-one percent of caregivers keep track of their loved one’s weight, diet, exercise routine, or other health indicators or symptoms. Female caregivers are more likely than their male counterparts to do so: 35% vs. 26%.",
              "sentences": [
                {
                  "sentence_idx": 0,
                  "offset": 0,
                  "content": "Thirty-one percent of caregivers keep track of their loved one’s weight, diet, exercise routine, or other health indicators or symptoms."
                },
                {
                  "sentence_idx": 1,
                  "offset": 137,
                  "content": "Female caregivers are more likely than their male counterparts to do so: 35% vs. 26%."
                }
              ]
            },
            "0": {
              "content": "Fully 72% of caregivers track their own weight, diet, exercise routine, blood pressure, blood sugar, sleep patterns, headaches, or some other health indicator. By comparison, 63% of non-caregivers track some aspect of their health. When controlling for age, income, education, ethnicity, and good overall health, being a caregiver increases the probability that someone will track a health indicator.",
              "sentences": [
                {
                  "sentence_idx": 0,
                  "offset": 0,
                  "content": "Fully 72% of caregivers track their own weight, diet, exercise routine, blood pressure, blood sugar, sleep patterns, headaches, or some other health indicator."
                },
                {
                  "sentence_idx": 1,
                  "offset": 160,
                  "content": "By comparison, 63% of non-caregivers track some aspect of their health."
                },
                {
                  "sentence_idx": 2,
                  "offset": 232,
                  "content": "When controlling for age, income, education, ethnicity, and good overall health, being a caregiver increases the probability that someone will track a health indicator."
                }
              ]
            }
          }
        },
        "7": {
          "caption": "Personal health status: % of caregivers vs. non-caregivers who have experienced the following health issues",
          "paragraphs": {
            "0": {
              "content": "Caregivers are as likely as non-caregivers to be living with a chronic condition. Caregivers are more likely than other adults to have gone through a recent health crisis or to have experienced a significant change in their physical health (including positive changes, such as quitting smoking).",
              "sentences": [
                {
                  "sentence_idx": 0,
                  "offset": 0,
                  "content": "Caregivers are as likely as non-caregivers to be living with a chronic condition."
                },
                {
                  "sentence_idx": 1,
                  "offset": 82,
                  "content": "Caregivers are more likely than other adults to have gone through a recent health crisis or to have experienced a significant change in their physical health (including positive changes, such as quitting smoking)."
                }
              ]
            }
          }
        }
      }
    },
    "holidays_online_2002": {
      "title": "Holidays online – 2002",
      "tables": {
        "5": {
          "caption": "What e-shoppers bought: comScore Networks findings",
          "paragraphs": {
            "0": {
              "content": "Data from comScore Networks show that Computer Hardware was the largest merchandise category based on dollar sales for the period from Nov. 1 through Dec. 20. However, mirroring the overall softness of the tech sector, sales of Computer Hardware decreased 1% versus a year-ago to $1.6 billion. Apparel and Accessories continued its recent impressive performance and was the second largest category with sales of $1.5 billion and growth of 31%. Consumer Electronics was the third largest category, with sales of $1.0 billion, up 21% versus year ago.",
              "sentences": [
                {
                  "sentence_idx": 0,
                  "offset": 0,
                  "content": "Data from comScore Networks show that Computer Hardware was the largest merchandise category based on dollar sales for the period from Nov. 1 through Dec. 20."
                },
                {
                  "sentence_idx": 1,
                  "offset": 159,
                  "content": "However, mirroring the overall softness of the tech sector, sales of Computer Hardware decreased 1% versus a year-ago to $1.6 billion."
                },
                {
                  "sentence_idx": 2,
                  "offset": 294,
                  "content": "Apparel and Accessories continued its recent impressive performance and was the second largest category with sales of $1.5 billion and growth of 31%."
                },
                {
                  "sentence_idx": 3,
                  "offset": 444,
                  "content": "Consumer Electronics was the third largest category, with sales of $1.0 billion, up 21% versus year ago."
                }
              ]
            }
          }
        },
        "7": {
          "caption": "What e-shoppers bought: comScore Networks findings",
          "paragraphs": {
            "0": {
              "content": "For the period from Nov. 1 through Dec. 20, Home and Garden ranks as the fastest growing major merchandise category, increasing 78% over last year to $555 million. Furniture and Appliances increased 75% to $171 million, while Toys increased 61% to $396 million.",
              "sentences": [
                {
                  "sentence_idx": 0,
                  "offset": 0,
                  "content": "For the period from Nov. 1 through Dec. 20, Home and Garden ranks as the fastest growing major merchandise category, increasing 78% over last year to $555 million."
                },
                {
                  "sentence_idx": 1,
                  "offset": 164,
                  "content": "Furniture and Appliances increased 75% to $171 million, while Toys increased 61% to $396 million."
                }
              ]
            }
          }
        }
      }
    },
    "data_memo_horrigan": {
      "title": "RE: WIRELESS INTERNET ACCESS",
      "tables": {
        "0": {
          "caption": "Wireless by place",
          "paragraphs": {
            "0": {
              "content": "When asked about the places they connect to the internet by wireless means: 27% of adult internet users have logged onto the internet using a wireless device at some place other than their home or place of employment. 20% of internet users have gone online at home using a wireless network. 17% of internet users have connected wirelessly while at work. Most wireless surfers log on wirelessly from more than just one of the places asked about. In fact, 25% of internet users have gone online wirelessly from two of the three places; put differently, three-quarters of all those who have logged onto the internet using a wireless network have done this from more than one of the types of places queried.",
              "sentences": [
                {
                  "sentence_idx": 0,
                  "offset": 0,
                  "content": "When asked about the places they connect to the internet by wireless means: 27% of adult internet users have logged onto the internet using a wireless device at some place other than their home or place of employment."
                },
                {
                  "sentence_idx": 1,
                  "offset": 218,
                  "content": "20% of internet users have gone online at home using a wireless network."
                },
                {
                  "sentence_idx": 2,
                  "offset": 291,
                  "content": "17% of internet users have connected wirelessly while at work."
                },
                {
                  "sentence_idx": 3,
                  "offset": 354,
                  "content": "Most wireless surfers log on wirelessly from more than just one of the places asked about."
                },
                {
                  "sentence_idx": 4,
                  "offset": 445,
                  "content": "In fact, 25% of internet users have gone online wirelessly from two of the three places; put differently, three-quarters of all those who have logged onto the internet using a wireless network have done this from more than one of the types of places queried."
                }
              ]
            }
          }
        }
      }
    },
    "cell_phone_activities_2012": {
      "title": "Cell Phone Activities 2012",
      "tables": {
        "17": {
          "caption": "Table 1. SAMPWT by Stratum",
          "paragraphs": {
            "1": {
              "content": "The first-stage of weighting compensated for the disproportionate sample design. This adjustment (called SAMPWT in the dataset) was computed by dividing the proportion of the population from each stratum by the proportion of sample drawn from the stratum.",
              "sentences": [
                {
                  "sentence_idx": 0,
                  "offset": 0,
                  "content": "The first-stage of weighting compensated for the disproportionate sample design."
                },
                {
                  "sentence_idx": 1,
                  "offset": 81,
                  "content": "This adjustment (called SAMPWT in the dataset) was computed by dividing the proportion of the population from each stratum by the proportion of sample drawn from the stratum."
                }
              ]
            }
          }
        },
        "22": {
          "caption": "Table 3. Design Effects and Margins of Sampling Error",
          "paragraphs": {
            "0": {
              "content": "The survey’s margin of error is the largest 95% confidence interval for any estimated proportion based on the total sample— the one around 50%. For example, the margin of error for the entire sample is ±2.4 percentage points. This means that in 95 out of every 100 samples drawn using the same methodology, estimated proportions based on the entire sample will be no more than 2.4 percentage points away from their true values in the population. It is important to remember that sampling fluctuations are only one possible source of error in a survey estimate. Other sources, such as respondent selection bias, question wording and reporting inaccuracy may contribute additional error of greater or lesser magnitude. Table 3 shows design effects and margins of error for key subgroups.",
              "sentences": [
                {
                  "sentence_idx": 0,
                  "offset": 0,
                  "content": "The survey’s margin of error is the largest 95% confidence interval for any estimated proportion based on the total sample— the one around 50%."
                },
                {
                  "sentence_idx": 1,
                  "offset": 144,
                  "content": "For example, the margin of error for the entire sample is ±2.4 percentage points."
                },
                {
                  "sentence_idx": 2,
                  "offset": 226,
                  "content": "This means that in 95 out of every 100 samples drawn using the same methodology, estimated proportions based on the entire sample will be no more than 2.4 percentage points away from their true values in the population."
                },
                {
                  "sentence_idx": 3,
                  "offset": 446,
                  "content": "It is important to remember that sampling fluctuations are only one possible source of error in a survey estimate."
                },
                {
                  "sentence_idx": 4,
                  "offset": 561,
                  "content": "Other sources, such as respondent selection bias, question wording and reporting inaccuracy may contribute additional error of greater or lesser magnitude."
                },
                {
                  "sentence_idx": 5,
                  "offset": 717,
                  "content": "Table 3 shows design effects and margins of error for key subgroups."
                }
              ]
            }
          }
        }
      }
    }
  },
  "Academic": {
    "P16-1018": {
      "title": "Literal and Metaphorical Senses in Compositional Distributional Semantic Models",
      "tables": {
        "0": {
          "caption": "Table 1: Performance of the method of §4.4 (METLIT) against various baselines.",
          "paragraphs": {
            "0": {
              "content": "Our classification method achieved a held-out F-score of 0.817, recall of 0.793, precision of 0.842, and accuracy of 0.809. These results were superior to those of the baselines (Table 1). These results are competitive with the state of the art and demonstrate the importance of compositionality in metaphor identification.",
              "sentences": [
                {
                  "sentence_idx": 0,
                  "offset": 0,
                  "content": "Our classification method achieved a held-out F-score of 0.817, recall of 0.793, precision of 0.842, and accuracy of 0.809."
                },
                {
                  "sentence_idx": 1,
                  "offset": 124,
                  "content": "These results were superior to those of the baselines (Table 1)."
                },
                {
                  "sentence_idx": 2,
                  "offset": 189,
                  "content": "These results are competitive with the state of the art and demonstrate the importance of compositionality in metaphor identification."
                }
              ]
            }
          }
        },
        "1": {
          "caption": "Table 2: Performance of method of §5.4 (TRANSLIT) against method of §4.4 (MET-LIT) and various baselines.",
          "paragraphs": {
            "0": {
              "content": "Our method achieved an F-score of 0.793 on the classification of phrases involving unseen adjectives. On this same set of phrases, the method of §4.4 achieved an F-score of 0.838. Once again, the performance of our method was superior to the performance of the baselines (Table 2; the MET-LIT figures in Table 2 differ slightly from those in Table 1 because only 19 of 23 adjectives are tested). For comparison, we also include the classification performance using the MET-LIT method of §4.4. While MET-LIT slightly outperforms TRANS-LIT, the latter has the benefit of not needing annotations for metaphorical phrases for the test adjective. Hence, our approach is generalizable to cases where such annotations are unavailable with only slight performance reduction.",
              "sentences": [
                {
                  "sentence_idx": 0,
                  "offset": 0,
                  "content": "Our method achieved an F-score of 0.793 on the classification of phrases involving unseen adjectives."
                },
                {
                  "sentence_idx": 1,
                  "offset": 102,
                  "content": "On this same set of phrases, the method of §4.4 achieved an F-score of 0.838."
                },
                {
                  "sentence_idx": 2,
                  "offset": 180,
                  "content": "Once again, the performance of our method was superior to the performance of the baselines (Table 2; the MET-LIT figures in Table 2 differ slightly from those in Table 1 because only 19 of 23 adjectives are tested)."
                },
                {
                  "sentence_idx": 3,
                  "offset": 396,
                  "content": "For comparison, we also include the classification performance using the MET-LIT method of §4.4."
                },
                {
                  "sentence_idx": 4,
                  "offset": 493,
                  "content": "While MET-LIT slightly outperforms TRANS-LIT, the latter has the benefit of not needing annotations for metaphorical phrases for the test adjective."
                },
                {
                  "sentence_idx": 5,
                  "offset": 642,
                  "content": "Hence, our approach is generalizable to cases where such annotations are unavailable with only slight performance reduction."
                }
              ]
            }
          }
        }
      }
    },
    "P17-1013": {
      "title": "Deep Neural Machine Translation with Linear Associative Unit",
      "tables": {
        "4": {
          "caption": "Table 3: English-to-French task: BLEU scores of single neural models.",
          "paragraphs": {
            "0": {
              "content": "To evaluate at scale, we also show the results on an English-French task with 12M sentence pairs and 30K vocabulary in Table 3. Luong et al. (2014) achieves BLEU score of 30.4 with a six layers deep Encoder-Decoder model. The two attention models, RNNSearch and RNNsearch-LV achieve BLEU scores of 28.5 and 32.7 respectively. The previous best single NMT Deep-Att model with an 18 layers encoder and 7 layers decoder achieves BLEU score of 35.9. For DEEPLAU, we obtain the BLEU score of 35.1 with a 4 layers encoder and 4 layers decoder, which is on par with the SOTA system in terms of BLEU. Note that Zhou et al. (2016) utilize a much larger depth as well as external alignment model and extensive regularization to achieve their best results.",
              "sentences": [
                {
                  "sentence_idx": 0,
                  "offset": 0,
                  "content": "To evaluate at scale, we also show the results on an English-French task with 12M sentence pairs and 30K vocabulary in Table 3."
                },
                {
                  "sentence_idx": 1,
                  "offset": 128,
                  "content": "Luong et al. (2014) achieves BLEU score of 30.4 with a six layers deep Encoder-Decoder model."
                },
                {
                  "sentence_idx": 2,
                  "offset": 222,
                  "content": "The two attention models, RNNSearch and RNNsearch-LV achieve BLEU scores of 28.5 and 32.7 respectively."
                },
                {
                  "sentence_idx": 3,
                  "offset": 326,
                  "content": "The previous best single NMT Deep-Att model with an 18 layers encoder and 7 layers decoder achieves BLEU score of 35.9."
                },
                {
                  "sentence_idx": 4,
                  "offset": 446,
                  "content": "For DEEPLAU, we obtain the BLEU score of 35.1 with a 4 layers encoder and 4 layers decoder, which is on par with the SOTA system in terms of BLEU."
                },
                {
                  "sentence_idx": 5,
                  "offset": 593,
                  "content": "Note that Zhou et al. (2016) utilize a much larger depth as well as external alignment model and extensive regularization to achieve their best results."
                }
              ]
            }
          }
        },
        "5": {
          "caption": "Table 4: BLEU scores of DEEPLAU and DEEPGRU with different model sizes.",
          "paragraphs": {
            "0": {
              "content": "Table 4 shows the effect of the novel LAU. By comparing row 3 to row 7, we see that when LEnc and LDec are set to 2, the average BLEU scores achieved by DEEPGRU and DEEPLAU are 34.68 and 37.65, respectively. LAU can bring an improvement of 2.97 in terms of BLEU. After increasing the model depth to 4 (row 4 and row 6), the improvement is enlarged to 4.91. When DEEPGRU is trained with larger depth (say, 4), the training becomes more difficult and the performance falls behind its shallow partner. While for DEEPLAU, as can be see in row 9, with increasing the depth even to LEnc = 8 and LDec = 6 we can still obtain growth by 0.04 BLEU score. Compared to previous shortcut connection methods (row 5 and row 6), The LAU still achieve meaningful improvements over F-F connections and Residual connections by +1.35 and +2.57 BLEU points respectively.",
              "sentences": [
                {
                  "sentence_idx": 0,
                  "offset": 0,
                  "content": "Table 4 shows the effect of the novel LAU."
                },
                {
                  "sentence_idx": 1,
                  "offset": 43,
                  "content": "By comparing row 3 to row 7, we see that when LEnc and LDec are set to 2, the average BLEU scores achieved by DEEPGRU and DEEPLAU are 34.68 and 37.65, respectively."
                },
                {
                  "sentence_idx": 2,
                  "offset": 208,
                  "content": "LAU can bring an improvement of 2.97 in terms of BLEU."
                },
                {
                  "sentence_idx": 3,
                  "offset": 263,
                  "content": "After increasing the model depth to 4 (row 4 and row 6), the improvement is enlarged to 4.91."
                },
                {
                  "sentence_idx": 4,
                  "offset": 357,
                  "content": "When DEEPGRU is trained with larger depth (say, 4), the training becomes more difficult and the performance falls behind its shallow partner."
                },
                {
                  "sentence_idx": 5,
                  "offset": 499,
                  "content": "While for DEEPLAU, as can be see in row 9, with increasing the depth even to LEnc = 8 and LDec = 6 we can still obtain growth by 0.04 BLEU score."
                },
                {
                  "sentence_idx": 6,
                  "offset": 645,
                  "content": "Compared to previous shortcut connection methods (row 5 and row 6), The LAU still achieve meaningful improvements over F-F connections and Residual connections by +1.35 and +2.57 BLEU points respectively."
                }
              ]
            }
          }
        }
      }
    },
    "P17-1012": {
      "title": "A Convolutional Encoder Model for Neural Machine Translation",
      "tables": {
        "1": {
          "caption": "Table 2: Accuracy on three WMT tasks, including results published in previous work. For deep convolutional encoders, we include the number of layers in CNN-a and CNN-c, respectively.",
          "paragraphs": {
            "0": {
              "content": "The results (Table 2) show that a deep convolutional encoder can perform competitively to the state of the art on this dataset (Sennrich et al., 2016a). Our bi-directional LSTM encoder baseline is 0.6 BLEU lower than the state of the art but uses only 512 hidden units compared to 1024. A singlelayer convolutional encoder with embedding size 256 performs at 27.1 BLEU. Increasing the number of convolutional layers to 8 in CNN-a and 4 in CNN-c achieves 27.8 BLEU which outperforms our baseline and is competitive to the state of the art.",
              "sentences": [
                {
                  "sentence_idx": 0,
                  "offset": 0,
                  "content": "The results (Table 2) show that a deep convolutional encoder can perform competitively to the state of the art on this dataset (Sennrich et al., 2016a)."
                },
                {
                  "sentence_idx": 1,
                  "offset": 153,
                  "content": "Our bi-directional LSTM encoder baseline is 0.6 BLEU lower than the state of the art but uses only 512 hidden units compared to 1024."
                },
                {
                  "sentence_idx": 2,
                  "offset": 287,
                  "content": "A singlelayer convolutional encoder with embedding size 256 performs at 27.1 BLEU."
                },
                {
                  "sentence_idx": 3,
                  "offset": 370,
                  "content": "Increasing the number of convolutional layers to 8 in CNN-a and 4 in CNN-c achieves 27.8 BLEU which outperforms our baseline and is competitive to the state of the art."
                }
              ]
            }
          }
        }
      }
    },
    "P17-1014": {
      "title": "Neural AMR: Sequence-to-Sequence Models for Parsing and Generation",
      "tables": {
        "2": {
          "caption": "Table 3: BLEU results for AMR Generation. *Model has been trained on a previous release of the corpus (LDC2014T12).",
          "paragraphs": {
            "0": {
              "content": "Table 3 summarizes our AMR generation results on the development and test set. We outperform all previous state-of-the-art systems by the first round of self-training and further improve with the next rounds. Our final model trained on GIGA-20M outperforms TSP and TREETOSTR trained on LDC2015E86, by over 9 BLEU points. Overall, our model incorporates less data than previous approaches as all reported methods train language models on the whole Gigaword corpus. We leave scaling our models to all of Gigaword for future work.",
              "sentences": [
                {
                  "sentence_idx": 0,
                  "offset": 0,
                  "content": "Table 3 summarizes our AMR generation results on the development and test set."
                },
                {
                  "sentence_idx": 1,
                  "offset": 79,
                  "content": "We outperform all previous state-of-the-art systems by the first round of self-training and further improve with the next rounds."
                },
                {
                  "sentence_idx": 2,
                  "offset": 209,
                  "content": "Our final model trained on GIGA-20M outperforms TSP and TREETOSTR trained on LDC2015E86, by over 9 BLEU points."
                },
                {
                  "sentence_idx": 3,
                  "offset": 321,
                  "content": "Overall, our model incorporates less data than previous approaches as all reported methods train language models on the whole Gigaword corpus."
                },
                {
                  "sentence_idx": 4,
                  "offset": 464,
                  "content": "We leave scaling our models to all of Gigaword for future work."
                }
              ]
            }
          }
        }
      }
    },
    "P17-1005": {
      "title": "Learning Structured Natural Language Representations for Semantic Parsing",
      "tables": {
        "2": {
          "caption": "Table 5: GEOQUERY results.",
          "paragraphs": {
            "0": {
              "content": "GEOQUERY results are shown in Table 5. The first block contains symbolic systems, whereas neural models are presented in the second block. We report accuracy which is defined as the proportion of the utterance that are correctly parsed to their gold standard logical forms. All previous neural systems (Dong and Lapata, 2016; Jia and Liang, 2016) treat semantic parsing as a sequence transduction problem and use LSTMs to directly map utterances to logical forms. SCANNER yields performance improvements over these systems when using comparable data sources for training. Jia and Liang (2016) achieve better results with synthetic data that expands GEOQUERY; we could adopt their approach to improve model performance, however, we leave this to future work.",
              "sentences": [
                {
                  "sentence_idx": 0,
                  "offset": 0,
                  "content": "GEOQUERY results are shown in Table 5."
                },
                {
                  "sentence_idx": 1,
                  "offset": 39,
                  "content": "The first block contains symbolic systems, whereas neural models are presented in the second block."
                },
                {
                  "sentence_idx": 2,
                  "offset": 139,
                  "content": "We report accuracy which is defined as the proportion of the utterance that are correctly parsed to their gold standard logical forms."
                },
                {
                  "sentence_idx": 3,
                  "offset": 274,
                  "content": "All previous neural systems (Dong and Lapata, 2016; Jia and Liang, 2016) treat semantic parsing as a sequence transduction problem and use LSTMs to directly map utterances to logical forms."
                },
                {
                  "sentence_idx": 4,
                  "offset": 464,
                  "content": "SCANNER yields performance improvements over these systems when using comparable data sources for training."
                },
                {
                  "sentence_idx": 5,
                  "offset": 572,
                  "content": "Jia and Liang (2016) achieve better results with synthetic data that expands GEOQUERY; we could adopt their approach to improve model performance, however, we leave this to future work."
                }
              ]
            }
          }
        },
        "3": {
          "caption": "Table 3: WEBQUESTIONS results.",
          "paragraphs": {
            "0": {
              "content": "Results on WEBQUESTIONS are summarized in Table 3. SCANNER obtains performance on par with the best symbolic systems (see the first block in the table). It is important to note that Bast and Haussmann (2015) develop a question answering system, which contrary to ours cannot produce meaning representations whereas Berant and Liang (2015) propose a sophisticated agenda-based parser which is trained borrowing ideas from imitation learning. SCANNER is conceptually similar to Reddy et al. (2016) who also learn a semantic parser via intermediate representations which they generate based on the output of a dependency parser. SCANNER performs competitively despite not having access to any linguistically-informed syntactic structures. The second block in Table 3 reports the results of several neural systems. Xu et al. (2016) represent the state of the art on WEBQUESTIONS. Their system uses Wikipedia to prune out erroneous candidate answers extracted from Freebase. Our model would also benefit from a similar post-processing step. As in previous experiments, SCANNER outperforms the neural baseline, too.",
              "sentences": [
                {
                  "sentence_idx": 0,
                  "offset": 0,
                  "content": "Results on WEBQUESTIONS are summarized in Table 3."
                },
                {
                  "sentence_idx": 1,
                  "offset": 51,
                  "content": "SCANNER obtains performance on par with the best symbolic systems (see the first block in the table)."
                },
                {
                  "sentence_idx": 2,
                  "offset": 153,
                  "content": "It is important to note that Bast and Haussmann (2015) develop a question answering system, which contrary to ours cannot produce meaning representations whereas Berant and Liang (2015) propose a sophisticated agenda-based parser which is trained borrowing ideas from imitation learning."
                },
                {
                  "sentence_idx": 3,
                  "offset": 441,
                  "content": "SCANNER is conceptually similar to Reddy et al. (2016) who also learn a semantic parser via intermediate representations which they generate based on the output of a dependency parser."
                },
                {
                  "sentence_idx": 4,
                  "offset": 626,
                  "content": "SCANNER performs competitively despite not having access to any linguistically-informed syntactic structures."
                },
                {
                  "sentence_idx": 5,
                  "offset": 736,
                  "content": "The second block in Table 3 reports the results of several neural systems."
                },
                {
                  "sentence_idx": 6,
                  "offset": 811,
                  "content": "Xu et al. (2016) represent the state of the art on WEBQUESTIONS."
                },
                {
                  "sentence_idx": 7,
                  "offset": 876,
                  "content": "Their system uses Wikipedia to prune out erroneous candidate answers extracted from Freebase."
                },
                {
                  "sentence_idx": 8,
                  "offset": 970,
                  "content": "Our model would also benefit from a similar post-processing step."
                },
                {
                  "sentence_idx": 9,
                  "offset": 1036,
                  "content": "As in previous experiments, SCANNER outperforms the neural baseline, too."
                }
              ]
            }
          }
        },
        "4": {
          "caption": "Table 7: GEOQUERY evaluation of ungrounded meaning representations. We report accuracy against a manually created gold standard.",
          "paragraphs": {
            "0": {
              "content": "Since a central feature of our parser is that it learns intermediate representations with natural language predicates, we conducted additional experiments in order to inspect their quality. For GEOQUERY which contains only 280 test examples, we manually annotated intermediate representations for the test instances and evaluated the learned representations against them. The experimental setup aims to shows how humans can participate in improving the semantic parser with feedback at the intermediate stage. In terms of evaluation, we use three metrics shown in Table 7. The first row shows the percentage of exact matches between the predicted representations and the human annotations. The second row refers to the percentage of structure matches, where the predicted representations have the same structure as the human annotations, but may not use the same lexical terms. Among structurally correct predictions, we additionally compute how many tokens are correct, as shown in the third row. As can be seen, the induced meaning representations overlap to a large extent with the human gold standard.",
              "sentences": [
                {
                  "sentence_idx": 0,
                  "offset": 0,
                  "content": "Since a central feature of our parser is that it learns intermediate representations with natural language predicates, we conducted additional experiments in order to inspect their quality."
                },
                {
                  "sentence_idx": 1,
                  "offset": 190,
                  "content": "For GEOQUERY which contains only 280 test examples, we manually annotated intermediate representations for the test instances and evaluated the learned representations against them."
                },
                {
                  "sentence_idx": 2,
                  "offset": 372,
                  "content": "The experimental setup aims to shows how humans can participate in improving the semantic parser with feedback at the intermediate stage."
                },
                {
                  "sentence_idx": 3,
                  "offset": 510,
                  "content": "In terms of evaluation, we use three metrics shown in Table 7."
                },
                {
                  "sentence_idx": 4,
                  "offset": 573,
                  "content": "The first row shows the percentage of exact matches between the predicted representations and the human annotations."
                },
                {
                  "sentence_idx": 5,
                  "offset": 690,
                  "content": "The second row refers to the percentage of structure matches, where the predicted representations have the same structure as the human annotations, but may not use the same lexical terms."
                },
                {
                  "sentence_idx": 6,
                  "offset": 878,
                  "content": "Among structurally correct predictions, we additionally compute how many tokens are correct, as shown in the third row."
                },
                {
                  "sentence_idx": 7,
                  "offset": 998,
                  "content": "As can be seen, the induced meaning representations overlap to a large extent with the human gold standard."
                }
              ]
            }
          }
        },
        "5": {
          "caption": "Table 8: Evaluation of predicates induced by SCANNER against EASYCCG. We report F1(%) across datasets. For SPADES, we also provide a breakdown for various utterance types.",
          "paragraphs": {
            "0": {
              "content": "As shown in Table 8, on SPADES and WEBQUESTIONS, the predicates learned by our model match the output of EASYCCG more closely than the heuristic baseline. But for GRAPHQUESTIONS which contains more compositional questions, the mismatch is higher. However, since the key idea of our model is to capture salient meaning for the task at hand rather than strictly obey syntax, we would not expect the predicates induced by our system to entirely agree with those produced by the syntactic parser. To further analyze how the learned predicates differ from syntax-based ones, we grouped utterances in SPADES into four types of linguistic constructions: coordination (conj), control and raising (control), prepositional phrase attachment (pp), and subordinate clauses (subord). Table 8 also shows the breakdown of matching scores per linguistic construction, with the number of utterances in each type. In Table 9, we provide examples of predicates identified by SCANNER, indicating whether they agree or not with the output of EASYCCG. As a reminder, the task in SPADES is to predict the entity masked by a blank symbol ( ).",
              "sentences": [
                {
                  "sentence_idx": 0,
                  "offset": 0,
                  "content": "As shown in Table 8, on SPADES and WEBQUESTIONS, the predicates learned by our model match the output of EASYCCG more closely than the heuristic baseline."
                },
                {
                  "sentence_idx": 1,
                  "offset": 155,
                  "content": "But for GRAPHQUESTIONS which contains more compositional questions, the mismatch is higher."
                },
                {
                  "sentence_idx": 2,
                  "offset": 247,
                  "content": "However, since the key idea of our model is to capture salient meaning for the task at hand rather than strictly obey syntax, we would not expect the predicates induced by our system to entirely agree with those produced by the syntactic parser."
                },
                {
                  "sentence_idx": 3,
                  "offset": 493,
                  "content": "To further analyze how the learned predicates differ from syntax-based ones, we grouped utterances in SPADES into four types of linguistic constructions: coordination (conj), control and raising (control), prepositional phrase attachment (pp), and subordinate clauses (subord)."
                },
                {
                  "sentence_idx": 4,
                  "offset": 771,
                  "content": "Table 8 also shows the breakdown of matching scores per linguistic construction, with the number of utterances in each type."
                },
                {
                  "sentence_idx": 5,
                  "offset": 896,
                  "content": "In Table 9, we provide examples of predicates identified by SCANNER, indicating whether they agree or not with the output of EASYCCG."
                },
                {
                  "sentence_idx": 6,
                  "offset": 1030,
                  "content": "As a reminder, the task in SPADES is to predict the entity masked by a blank symbol ( )."
                }
              ]
            }
          }
        }
      }
    },
    "P17-1001": {
      "title": "Adversarial Multi-task Learning for Text Classification",
      "tables": {
        "2": {
          "caption": "Table 2: Error rates of our models on 16 datasets against typical baselines. The numbers in brackets represent the improvements relative to the average performance (Avg.) of three single task baselines.",
          "paragraphs": {
            "0": {
              "content": "Table 2 shows the error rates on 16 text classification tasks. The column of “Single Task” shows the results of vanilla LSTM, bidirectional LSTM (BiLSTM), stacked LSTM (sLSTM) and the average error rates of previous three models. The column of “Multiple Tasks” shows the results achieved by corresponding multi-task models. From this table, we can see that the performance of most tasks can be improved with a large margin with the help of multi-task learning, in which our model achieves the lowest error rates. More concretely, compared with SP-MTL, ASP-MTL achieves 4.1% average improvement surpassing SP-MTL with 1.0%, which indicates the importance of adversarial learning. It is noteworthy that for FS-MTL, the performances of some tasks are degraded, since this model puts all private and shared information into a unified space.",
              "sentences": [
                {
                  "sentence_idx": 0,
                  "offset": 0,
                  "content": "Table 2 shows the error rates on 16 text classification tasks."
                },
                {
                  "sentence_idx": 1,
                  "offset": 63,
                  "content": "The column of “Single Task” shows the results of vanilla LSTM, bidirectional LSTM (BiLSTM), stacked LSTM (sLSTM) and the average error rates of previous three models."
                },
                {
                  "sentence_idx": 2,
                  "offset": 230,
                  "content": "The column of “Multiple Tasks” shows the results achieved by corresponding multi-task models."
                },
                {
                  "sentence_idx": 3,
                  "offset": 324,
                  "content": "From this table, we can see that the performance of most tasks can be improved with a large margin with the help of multi-task learning, in which our model achieves the lowest error rates."
                },
                {
                  "sentence_idx": 4,
                  "offset": 513,
                  "content": "More concretely, compared with SP-MTL, ASP-MTL achieves 4.1% average improvement surpassing SP-MTL with 1.0%, which indicates the importance of adversarial learning."
                },
                {
                  "sentence_idx": 5,
                  "offset": 679,
                  "content": "It is noteworthy that for FS-MTL, the performances of some tasks are degraded, since this model puts all private and shared information into a unified space."
                }
              ]
            }
          }
        }
      }
    }
  }
}